Name,Filter,Link,Rank
announcements,sfw,http://reddit.com/r/announcements,1
funny,sfw,http://reddit.com/r/funny,2
AskReddit,sfw,http://reddit.com/r/AskReddit,3
gaming,sfw,http://reddit.com/r/gaming,4
pics,sfw,http://reddit.com/r/pics,5
science,sfw,http://reddit.com/r/science,6
worldnews,sfw,http://reddit.com/r/worldnews,7
todayilearned,sfw,http://reddit.com/r/todayilearned,8
aww,sfw,http://reddit.com/r/aww,9
movies,sfw,http://reddit.com/r/movies,10
videos,sfw,http://reddit.com/r/videos,11
Music,sfw,http://reddit.com/r/Music,12
IAmA,sfw,http://reddit.com/r/IAmA,13
gifs,sfw,http://reddit.com/r/gifs,14
news,sfw,http://reddit.com/r/news,15
EarthPorn,sfw,http://reddit.com/r/EarthPorn,16
Showerthoughts,sfw,http://reddit.com/r/Showerthoughts,17
askscience,sfw,http://reddit.com/r/askscience,18
blog,sfw,http://reddit.com/r/blog,19
explainlikeimfive,sfw,http://reddit.com/r/explainlikeimfive,20
Jokes,sfw,http://reddit.com/r/Jokes,21
books,sfw,http://reddit.com/r/books,22
DIY,sfw,http://reddit.com/r/DIY,23
LifeProTips,sfw,http://reddit.com/r/LifeProTips,24
food,sfw,http://reddit.com/r/food,25
mildlyinteresting,sfw,http://reddit.com/r/mildlyinteresting,26
Art,sfw,http://reddit.com/r/Art,27
sports,sfw,http://reddit.com/r/sports,28
television,sfw,http://reddit.com/r/television,29
space,sfw,http://reddit.com/r/space,30
gadgets,sfw,http://reddit.com/r/gadgets,31
nottheonion,sfw,http://reddit.com/r/nottheonion,32
photoshopbattles,sfw,http://reddit.com/r/photoshopbattles,33
Documentaries,sfw,http://reddit.com/r/Documentaries,34
listentothis,sfw,http://reddit.com/r/listentothis,35
GetMotivated,sfw,http://reddit.com/r/GetMotivated,36
UpliftingNews,sfw,http://reddit.com/r/UpliftingNews,37
tifu,sfw,http://reddit.com/r/tifu,38
InternetIsBeautiful,sfw,http://reddit.com/r/InternetIsBeautiful,39
history,sfw,http://reddit.com/r/history,40
Futurology,sfw,http://reddit.com/r/Futurology,41
philosophy,sfw,http://reddit.com/r/philosophy,42
OldSchoolCool,sfw,http://reddit.com/r/OldSchoolCool,43
personalfinance,sfw,http://reddit.com/r/personalfinance,44
WritingPrompts,sfw,http://reddit.com/r/WritingPrompts,45
dataisbeautiful,sfw,http://reddit.com/r/dataisbeautiful,46
nosleep,sfw,http://reddit.com/r/nosleep,47
creepy,sfw,http://reddit.com/r/creepy,48
TwoXChromosomes,sfw,http://reddit.com/r/TwoXChromosomes,49
technology,sfw,http://reddit.com/r/technology,50
AdviceAnimals,sfw,http://reddit.com/r/AdviceAnimals,51
Fitness,sfw,http://reddit.com/r/Fitness,52
WTF,sfw,http://reddit.com/r/WTF,53
politics,sfw,http://reddit.com/r/politics,54
memes,sfw,http://reddit.com/r/memes,55
bestof,sfw,http://reddit.com/r/bestof,56
wholesomememes,sfw,http://reddit.com/r/wholesomememes,57
interestingasfuck,sfw,http://reddit.com/r/interestingasfuck,58
BlackPeopleTwitter,sfw,http://reddit.com/r/BlackPeopleTwitter,59
leagueoflegends,sfw,http://reddit.com/r/leagueoflegends,60
oddlysatisfying,sfw,http://reddit.com/r/oddlysatisfying,61
lifehacks,sfw,http://reddit.com/r/lifehacks,62
travel,sfw,http://reddit.com/r/travel,63
pcmasterrace,sfw,http://reddit.com/r/pcmasterrace,64
facepalm,sfw,http://reddit.com/r/facepalm,65
woahdude,sfw,http://reddit.com/r/woahdude,66
relationships,sfw,http://reddit.com/r/relationships,67
PS4,sfw,http://reddit.com/r/PS4,68
nba,sfw,http://reddit.com/r/nba,69
dankmemes,sfw,http://reddit.com/r/dankmemes,70
me_irl,sfw,http://reddit.com/r/me_irl,71
atheism,sfw,http://reddit.com/r/atheism,72
AnimalsBeingBros,sfw,http://reddit.com/r/AnimalsBeingBros,73
Tinder,sfw,http://reddit.com/r/Tinder,74
Overwatch,sfw,http://reddit.com/r/Overwatch,75
AnimalsBeingJerks,sfw,http://reddit.com/r/AnimalsBeingJerks,76
NatureIsFuckingLit,sfw,http://reddit.com/r/NatureIsFuckingLit,77
tattoos,sfw,http://reddit.com/r/tattoos,78
reactiongifs,sfw,http://reddit.com/r/reactiongifs,79
gameofthrones,sfw,http://reddit.com/r/gameofthrones,80
FoodPorn,sfw,http://reddit.com/r/FoodPorn,81
Whatcouldgowrong,sfw,http://reddit.com/r/Whatcouldgowrong,82
malefashionadvice,sfw,http://reddit.com/r/malefashionadvice,83
programming,sfw,http://reddit.com/r/programming,84
europe,sfw,http://reddit.com/r/europe,85
gonewild,nsfw,http://reddit.com/r/gonewild,86
trippinthroughtime,sfw,http://reddit.com/r/trippinthroughtime,87
Unexpected,sfw,http://reddit.com/r/Unexpected,88
boardgames,sfw,http://reddit.com/r/boardgames,89
BikiniBottomTwitter,sfw,http://reddit.com/r/BikiniBottomTwitter,90
gardening,sfw,http://reddit.com/r/gardening,91
pokemongo,sfw,http://reddit.com/r/pokemongo,92
Games,sfw,http://reddit.com/r/Games,93
instant_regret,sfw,http://reddit.com/r/instant_regret,94
loseit,sfw,http://reddit.com/r/loseit,95
hiphopheads,sfw,http://reddit.com/r/hiphopheads,96
itookapicture,sfw,http://reddit.com/r/itookapicture,97
iphone,sfw,http://reddit.com/r/iphone,98
Android,sfw,http://reddit.com/r/Android,99
dadjokes,sfw,http://reddit.com/r/dadjokes,100
photography,sfw,http://reddit.com/r/photography,101
relationship_advice,sfw,http://reddit.com/r/relationship_advice,102
Damnthatsinteresting,sfw,http://reddit.com/r/Damnthatsinteresting,103
PewdiepieSubmissions,sfw,http://reddit.com/r/PewdiepieSubmissions,104
mildlyinfuriating,sfw,http://reddit.com/r/mildlyinfuriating,105
CrappyDesign,sfw,http://reddit.com/r/CrappyDesign,106
pokemon,sfw,http://reddit.com/r/pokemon,107
slowcooking,sfw,http://reddit.com/r/slowcooking,108
GifRecipes,sfw,http://reddit.com/r/GifRecipes,109
rarepuppers,sfw,http://reddit.com/r/rarepuppers,110
drawing,sfw,http://reddit.com/r/drawing,111
buildapc,sfw,http://reddit.com/r/buildapc,112
soccer,sfw,http://reddit.com/r/soccer,113
offmychest,sfw,http://reddit.com/r/offmychest,114
nonononoyes,sfw,http://reddit.com/r/nonononoyes,115
woodworking,sfw,http://reddit.com/r/woodworking,116
Wellthatsucks,sfw,http://reddit.com/r/Wellthatsucks,117
humor,sfw,http://reddit.com/r/humor,118
Roadcam,sfw,http://reddit.com/r/Roadcam,119
AnimalsBeingDerps,sfw,http://reddit.com/r/AnimalsBeingDerps,120
xboxone,sfw,http://reddit.com/r/xboxone,121
keto,sfw,http://reddit.com/r/keto,122
BeAmazed,sfw,http://reddit.com/r/BeAmazed,123
cars,sfw,http://reddit.com/r/cars,124
ContagiousLaughter,sfw,http://reddit.com/r/ContagiousLaughter,125
Eyebleach,sfw,http://reddit.com/r/Eyebleach,126
confession,sfw,http://reddit.com/r/confession,127
BetterEveryLoop,sfw,http://reddit.com/r/BetterEveryLoop,128
pcgaming,sfw,http://reddit.com/r/pcgaming,129
HighQualityGifs,sfw,http://reddit.com/r/HighQualityGifs,130
RoastMe,sfw,http://reddit.com/r/RoastMe,131
MakeupAddiction,sfw,http://reddit.com/r/MakeupAddiction,132
trashy,sfw,http://reddit.com/r/trashy,133
raspberry_pi,sfw,http://reddit.com/r/raspberry_pi,134
backpacking,sfw,http://reddit.com/r/backpacking,135
NetflixBestOf,sfw,http://reddit.com/r/NetflixBestOf,136
trees,sfw,http://reddit.com/r/trees,137
OutOfTheLoop,sfw,http://reddit.com/r/OutOfTheLoop,138
HistoryPorn,sfw,http://reddit.com/r/HistoryPorn,139
nfl,sfw,http://reddit.com/r/nfl,140
Minecraft,sfw,http://reddit.com/r/Minecraft,141
nsfw,nsfw,http://reddit.com/r/nsfw,142
EatCheapAndHealthy,sfw,http://reddit.com/r/EatCheapAndHealthy,143
ChoosingBeggars,sfw,http://reddit.com/r/ChoosingBeggars,144
NSFW_GIF,nsfw,http://reddit.com/r/NSFW_GIF,145
cats,sfw,http://reddit.com/r/cats,146
biology,sfw,http://reddit.com/r/biology,147
ChildrenFallingOver,sfw,http://reddit.com/r/ChildrenFallingOver,148
frugalmalefashion,sfw,http://reddit.com/r/frugalmalefashion,149
HumansBeingBros,sfw,http://reddit.com/r/HumansBeingBros,150
RealGirls,nsfw,http://reddit.com/r/RealGirls,151
ArtisanVideos,sfw,http://reddit.com/r/ArtisanVideos,152
teenagers,sfw,http://reddit.com/r/teenagers,153
sex,sfw,http://reddit.com/r/sex,154
blackmagicfuckery,sfw,http://reddit.com/r/blackmagicfuckery,155
Cooking,sfw,http://reddit.com/r/Cooking,156
nevertellmetheodds,sfw,http://reddit.com/r/nevertellmetheodds,157
MadeMeSmile,sfw,http://reddit.com/r/MadeMeSmile,158
mac,sfw,http://reddit.com/r/mac,159
hmmm,sfw,http://reddit.com/r/hmmm,160
streetwear,sfw,http://reddit.com/r/streetwear,161
rickandmorty,sfw,http://reddit.com/r/rickandmorty,162
WhitePeopleTwitter,sfw,http://reddit.com/r/WhitePeopleTwitter,163
NintendoSwitch,sfw,http://reddit.com/r/NintendoSwitch,164
insanepeoplefacebook,sfw,http://reddit.com/r/insanepeoplefacebook,165
comics,sfw,http://reddit.com/r/comics,166
Parenting,sfw,http://reddit.com/r/Parenting,167
recipes,sfw,http://reddit.com/r/recipes,168
MurderedByWords,sfw,http://reddit.com/r/MurderedByWords,169
youseeingthisshit,sfw,http://reddit.com/r/youseeingthisshit,170
quityourbullshit,sfw,http://reddit.com/r/quityourbullshit,171
nintendo,sfw,http://reddit.com/r/nintendo,172
electronicmusic,sfw,http://reddit.com/r/electronicmusic,173
AskMen,sfw,http://reddit.com/r/AskMen,174
DnD,sfw,http://reddit.com/r/DnD,175
WatchPeopleDieInside,sfw,http://reddit.com/r/WatchPeopleDieInside,176
scifi,sfw,http://reddit.com/r/scifi,177
therewasanattempt,sfw,http://reddit.com/r/therewasanattempt,178
MovieDetails,sfw,http://reddit.com/r/MovieDetails,179
Frugal,sfw,http://reddit.com/r/Frugal,180
freefolk,sfw,http://reddit.com/r/freefolk,181
FiftyFifty,sfw,http://reddit.com/r/FiftyFifty,182
FortNiteBR,sfw,http://reddit.com/r/FortNiteBR,183
cringepics,sfw,http://reddit.com/r/cringepics,184
reallifedoodles,sfw,http://reddit.com/r/reallifedoodles,185
whatisthisthing,sfw,http://reddit.com/r/whatisthisthing,186
StarWars,sfw,http://reddit.com/r/StarWars,187
howto,sfw,http://reddit.com/r/howto,188
NoStupidQuestions,sfw,http://reddit.com/r/NoStupidQuestions,189
YouShouldKnow,sfw,http://reddit.com/r/YouShouldKnow,190
battlestations,sfw,http://reddit.com/r/battlestations,191
MealPrepSunday,sfw,http://reddit.com/r/MealPrepSunday,192
wow,sfw,http://reddit.com/r/wow,193
Bitcoin,sfw,http://reddit.com/r/Bitcoin,194
bodyweightfitness,sfw,http://reddit.com/r/bodyweightfitness,195
anime,sfw,http://reddit.com/r/anime,196
4chan,sfw,http://reddit.com/r/4chan,197
iamverysmart,sfw,http://reddit.com/r/iamverysmart,198
hearthstone,sfw,http://reddit.com/r/hearthstone,199
DunderMifflin,sfw,http://reddit.com/r/DunderMifflin,200
camping,sfw,http://reddit.com/r/camping,201
assholedesign,sfw,http://reddit.com/r/assholedesign,202
KidsAreFuckingStupid,sfw,http://reddit.com/r/KidsAreFuckingStupid,203
PublicFreakout,sfw,http://reddit.com/r/PublicFreakout,204
PeopleFuckingDying,sfw,http://reddit.com/r/PeopleFuckingDying,205
youtubehaiku,sfw,http://reddit.com/r/youtubehaiku,206
manga,sfw,http://reddit.com/r/manga,207
educationalgifs,sfw,http://reddit.com/r/educationalgifs,208
thewalkingdead,sfw,http://reddit.com/r/thewalkingdead,209
MemeEconomy,sfw,http://reddit.com/r/MemeEconomy,210
natureismetal,sfw,http://reddit.com/r/natureismetal,211
madlads,sfw,http://reddit.com/r/madlads,212
learnprogramming,sfw,http://reddit.com/r/learnprogramming,213
CollegeBasketball,sfw,http://reddit.com/r/CollegeBasketball,214
holdmybeer,sfw,http://reddit.com/r/holdmybeer,215
apple,sfw,http://reddit.com/r/apple,216
dogs,sfw,http://reddit.com/r/dogs,217
thatHappened,sfw,http://reddit.com/r/thatHappened,218
IdiotsInCars,sfw,http://reddit.com/r/IdiotsInCars,219
cringe,sfw,http://reddit.com/r/cringe,220
PrequelMemes,sfw,http://reddit.com/r/PrequelMemes,221
Awwducational,sfw,http://reddit.com/r/Awwducational,222
AskHistorians,sfw,http://reddit.com/r/AskHistorians,223
socialskills,sfw,http://reddit.com/r/socialskills,224
TrollYChromosome,sfw,http://reddit.com/r/TrollYChromosome,225
SkincareAddiction,sfw,http://reddit.com/r/SkincareAddiction,226
DestinyTheGame,sfw,http://reddit.com/r/DestinyTheGame,227
starterpacks,sfw,http://reddit.com/r/starterpacks,228
baseball,sfw,http://reddit.com/r/baseball,229
entertainment,sfw,http://reddit.com/r/entertainment,230
AskWomen,sfw,http://reddit.com/r/AskWomen,231
ImGoingToHellForThis,nsfw,http://reddit.com/r/ImGoingToHellForThis,232
AmItheAsshole,sfw,http://reddit.com/r/AmItheAsshole,233
JapanTravel,sfw,http://reddit.com/r/JapanTravel,234
niceguys,sfw,http://reddit.com/r/niceguys,235
Outdoors,sfw,http://reddit.com/r/Outdoors,236
wallpaper,sfw,http://reddit.com/r/wallpaper,237
horror,sfw,http://reddit.com/r/horror,238
holdthemoan,nsfw,http://reddit.com/r/holdthemoan,239
literature,sfw,http://reddit.com/r/literature,240
JUSTNOMIL,sfw,http://reddit.com/r/JUSTNOMIL,241
CryptoCurrency,sfw,http://reddit.com/r/CryptoCurrency,242
conspiracy,sfw,http://reddit.com/r/conspiracy,243
RoomPorn,sfw,http://reddit.com/r/RoomPorn,244
comicbooks,sfw,http://reddit.com/r/comicbooks,245
ATBGE,sfw,http://reddit.com/r/ATBGE,246
GlobalOffensive,sfw,http://reddit.com/r/GlobalOffensive,247
urbanexploration,sfw,http://reddit.com/r/urbanexploration,248
legaladvice,sfw,http://reddit.com/r/legaladvice,249
likeus,sfw,http://reddit.com/r/likeus,250
oldpeoplefacebook,sfw,http://reddit.com/r/oldpeoplefacebook,251
PerfectTiming,sfw,http://reddit.com/r/PerfectTiming,252
JusticeServed,sfw,http://reddit.com/r/JusticeServed,253
zelda,sfw,http://reddit.com/r/zelda,254
shittyfoodporn,sfw,http://reddit.com/r/shittyfoodporn,255
yesyesyesyesno,sfw,http://reddit.com/r/yesyesyesyesno,256
OopsDidntMeanTo,sfw,http://reddit.com/r/OopsDidntMeanTo,257
ProgrammerHumor,sfw,http://reddit.com/r/ProgrammerHumor,258
femalefashionadvice,sfw,http://reddit.com/r/femalefashionadvice,259
BustyPetite,nsfw,http://reddit.com/r/BustyPetite,260
savedyouaclick,sfw,http://reddit.com/r/savedyouaclick,261
marvelstudios,sfw,http://reddit.com/r/marvelstudios,262
Astronomy,sfw,http://reddit.com/r/Astronomy,263
CozyPlaces,sfw,http://reddit.com/r/CozyPlaces,264
greentext,sfw,http://reddit.com/r/greentext,265
HistoryMemes,sfw,http://reddit.com/r/HistoryMemes,266
dating_advice,sfw,http://reddit.com/r/dating_advice,267
math,sfw,http://reddit.com/r/math,268
UnethicalLifeProTips,sfw,http://reddit.com/r/UnethicalLifeProTips,269
GamePhysics,sfw,http://reddit.com/r/GamePhysics,270
breakingbad,sfw,http://reddit.com/r/breakingbad,271
holdmycosmo,sfw,http://reddit.com/r/holdmycosmo,272
2meirl4meirl,sfw,http://reddit.com/r/2meirl4meirl,273
foodhacks,sfw,http://reddit.com/r/foodhacks,274
reddit.com,sfw,http://reddit.com/r/reddit.com,275
nononono,sfw,http://reddit.com/r/nononono,276
AbandonedPorn,sfw,http://reddit.com/r/AbandonedPorn,277
MaliciousCompliance,sfw,http://reddit.com/r/MaliciousCompliance,278
CatastrophicFailure,sfw,http://reddit.com/r/CatastrophicFailure,279
PUBATTLEGROUNDS,sfw,http://reddit.com/r/PUBATTLEGROUNDS,280
shittyaskscience,sfw,http://reddit.com/r/shittyaskscience,281
Physics,sfw,http://reddit.com/r/Physics,282
iamverybadass,sfw,http://reddit.com/r/iamverybadass,283
worldpolitics,sfw,http://reddit.com/r/worldpolitics,284
writing,sfw,http://reddit.com/r/writing,285
confusing_perspective,sfw,http://reddit.com/r/confusing_perspective,286
tipofmytongue,sfw,http://reddit.com/r/tipofmytongue,287
Sneakers,sfw,http://reddit.com/r/Sneakers,288
DeepIntoYouTube,sfw,http://reddit.com/r/DeepIntoYouTube,289
ProRevenge,sfw,http://reddit.com/r/ProRevenge,290
MMA,sfw,http://reddit.com/r/MMA,291
hockey,sfw,http://reddit.com/r/hockey,292
Design,sfw,http://reddit.com/r/Design,293
progresspics,sfw,http://reddit.com/r/progresspics,294
TrollXChromosomes,sfw,http://reddit.com/r/TrollXChromosomes,295
apexlegends,sfw,http://reddit.com/r/apexlegends,296
The_Donald,sfw,http://reddit.com/r/The_Donald,297
changemyview,sfw,http://reddit.com/r/changemyview,298
CampingandHiking,sfw,http://reddit.com/r/CampingandHiking,299
cumsluts,nsfw,http://reddit.com/r/cumsluts,300
carporn,sfw,http://reddit.com/r/carporn,301
investing,sfw,http://reddit.com/r/investing,302
hacking,sfw,http://reddit.com/r/hacking,303
nsfw_gifs,nsfw,http://reddit.com/r/nsfw_gifs,304
motorcycles,sfw,http://reddit.com/r/motorcycles,305
DeepFriedMemes,sfw,http://reddit.com/r/DeepFriedMemes,306
indieheads,sfw,http://reddit.com/r/indieheads,307
WhyWereTheyFilming,sfw,http://reddit.com/r/WhyWereTheyFilming,308
coolguides,sfw,http://reddit.com/r/coolguides,309
hardware,sfw,http://reddit.com/r/hardware,310
PetiteGoneWild,nsfw,http://reddit.com/r/PetiteGoneWild,311
powerwashingporn,sfw,http://reddit.com/r/powerwashingporn,312
LegalTeens,nsfw,http://reddit.com/r/LegalTeens,313
UnresolvedMysteries,sfw,http://reddit.com/r/UnresolvedMysteries,314
meirl,sfw,http://reddit.com/r/meirl,315
PoliticalHumor,sfw,http://reddit.com/r/PoliticalHumor,316
DesignPorn,sfw,http://reddit.com/r/DesignPorn,317
DiWHY,sfw,http://reddit.com/r/DiWHY,318
Perfectfit,sfw,http://reddit.com/r/Perfectfit,319
nostalgia,sfw,http://reddit.com/r/nostalgia,320
spaceporn,sfw,http://reddit.com/r/spaceporn,321
asoiaf,sfw,http://reddit.com/r/asoiaf,322
MapPorn,sfw,http://reddit.com/r/MapPorn,323
WeAreTheMusicMakers,sfw,http://reddit.com/r/WeAreTheMusicMakers,324
crafts,sfw,http://reddit.com/r/crafts,325
Rainbow6,sfw,http://reddit.com/r/Rainbow6,326
Bossfight,sfw,http://reddit.com/r/Bossfight,327
MachineLearning,sfw,http://reddit.com/r/MachineLearning,328
Cinemagraphs,sfw,http://reddit.com/r/Cinemagraphs,329
ThriftStoreHauls,sfw,http://reddit.com/r/ThriftStoreHauls,330
adorableporn,nsfw,http://reddit.com/r/adorableporn,331
gifsthatkeepongiving,sfw,http://reddit.com/r/gifsthatkeepongiving,332
podcasts,sfw,http://reddit.com/r/podcasts,333
fakehistoryporn,sfw,http://reddit.com/r/fakehistoryporn,334
Amateur,nsfw,http://reddit.com/r/Amateur,335
westworld,sfw,http://reddit.com/r/westworld,336
thanosdidnothingwrong,sfw,http://reddit.com/r/thanosdidnothingwrong,337
GirlsFinishingTheJob,nsfw,http://reddit.com/r/GirlsFinishingTheJob,338
thisismylifenow,sfw,http://reddit.com/r/thisismylifenow,339
ShittyLifeProTips,sfw,http://reddit.com/r/ShittyLifeProTips,340
skyrim,sfw,http://reddit.com/r/skyrim,341
cursedimages,sfw,http://reddit.com/r/cursedimages,342
running,sfw,http://reddit.com/r/running,343
southpark,sfw,http://reddit.com/r/southpark,344
dank_meme,sfw,http://reddit.com/r/dank_meme,345
WhatsWrongWithYourDog,sfw,http://reddit.com/r/WhatsWrongWithYourDog,346
smashbros,sfw,http://reddit.com/r/smashbros,347
HomeImprovement,sfw,http://reddit.com/r/HomeImprovement,348
SweatyPalms,sfw,http://reddit.com/r/SweatyPalms,349
CasualConversation,sfw,http://reddit.com/r/CasualConversation,350
freebies,sfw,http://reddit.com/r/freebies,351
entitledparents,sfw,http://reddit.com/r/entitledparents,352
bodybuilding,sfw,http://reddit.com/r/bodybuilding,353
ANormalDayInRussia,sfw,http://reddit.com/r/ANormalDayInRussia,354
astrophotography,sfw,http://reddit.com/r/astrophotography,355
dankchristianmemes,sfw,http://reddit.com/r/dankchristianmemes,356
AsiansGoneWild,nsfw,http://reddit.com/r/AsiansGoneWild,357
GameDeals,sfw,http://reddit.com/r/GameDeals,358
whitepeoplegifs,sfw,http://reddit.com/r/whitepeoplegifs,359
google,sfw,http://reddit.com/r/google,360
harrypotter,sfw,http://reddit.com/r/harrypotter,361
ComedyCemetery,sfw,http://reddit.com/r/ComedyCemetery,362
rpg,sfw,http://reddit.com/r/rpg,363
OSHA,sfw,http://reddit.com/r/OSHA,364
softwaregore,sfw,http://reddit.com/r/softwaregore,365
Justrolledintotheshop,sfw,http://reddit.com/r/Justrolledintotheshop,366
Economics,sfw,http://reddit.com/r/Economics,367
pettyrevenge,sfw,http://reddit.com/r/pettyrevenge,368
chemistry,sfw,http://reddit.com/r/chemistry,369
hiking,sfw,http://reddit.com/r/hiking,370
Steam,sfw,http://reddit.com/r/Steam,371
BoneAppleTea,sfw,http://reddit.com/r/BoneAppleTea,372
Filmmakers,sfw,http://reddit.com/r/Filmmakers,373
gatekeeping,sfw,http://reddit.com/r/gatekeeping,374
rule34,nsfw,http://reddit.com/r/rule34,375
